[
  {
    "id": "c1c5f785-ecc2-4c2f-b9cb-7f3a37f917ef",
    "data": [
      {
        "text": "self test",
        "userDefined": false
      }
    ],
    "isTemplate": false,
    "count": 0,
    "updated": 0
  },
  {
    "id": "0fd804ba-9341-4f13-817b-5d302f963cfb",
    "data": [
      {
        "text": "test corona",
        "userDefined": false
      }
    ],
    "isTemplate": false,
    "count": 0,
    "updated": 0
  },
  {
    "id": "be9df413-bbd9-445b-8439-1e7b1888327c",
    "data": [
      {
        "text": "I want to test covid-19",
        "userDefined": false
      }
    ],
    "isTemplate": false,
    "count": 0,
    "updated": 0
  },
  {
    "id": "3a327f80-4f57-4b37-a9ef-a95172a34304",
    "data": [
      {
        "text": "I don\u0027t feel well",
        "userDefined": false
      }
    ],
    "isTemplate": false,
    "count": 0,
    "updated": 0
  }
]