[
  {
    "id": "f3e4e882-1a3e-4c19-9a69-951df73d9e7e",
    "data": [
      {
        "text": "what happens if i get covid-19",
        "userDefined": false
      }
    ],
    "isTemplate": false,
    "count": 0,
    "updated": 0
  },
  {
    "id": "7ca6a314-8c53-4bee-9f56-9308fbdc279e",
    "data": [
      {
        "text": "video",
        "userDefined": false
      }
    ],
    "isTemplate": false,
    "count": 0,
    "updated": 0
  },
  {
    "id": "eb6b5150-3e0d-425f-87c5-32a2564d1c72",
    "data": [
      {
        "text": "covid 19 videos",
        "userDefined": false
      }
    ],
    "isTemplate": false,
    "count": 0,
    "updated": 0
  },
  {
    "id": "2ed1ac9c-fd7a-41ad-b263-bfcda28eed29",
    "data": [
      {
        "text": "video of coronavirus",
        "userDefined": false
      }
    ],
    "isTemplate": false,
    "count": 1,
    "updated": 0
  }
]