[
  {
    "id": "6c813bb3-beab-4d3a-8406-16942ec9ada1",
    "data": [
      {
        "text": "How many confirmed cases are there in ",
        "userDefined": false
      },
      {
        "text": "USA",
        "alias": "geo-country",
        "meta": "@sys.geo-country",
        "userDefined": true
      }
    ],
    "isTemplate": false,
    "count": 0,
    "updated": 0
  },
  {
    "id": "aac50b55-5353-4dff-b75f-bd84e8bda48d",
    "data": [
      {
        "text": "Italy",
        "alias": "geo-country",
        "meta": "@sys.geo-country",
        "userDefined": true
      }
    ],
    "isTemplate": false,
    "count": 0,
    "updated": 0
  },
  {
    "id": "6c35032f-ba6a-4914-aaf5-e2e3604651e3",
    "data": [
      {
        "text": "USA",
        "alias": "geo-country",
        "meta": "@sys.geo-country",
        "userDefined": true
      }
    ],
    "isTemplate": false,
    "count": 0,
    "updated": 0
  },
  {
    "id": "1a59a17d-f953-4748-b011-af954e095f43",
    "data": [
      {
        "text": "India",
        "alias": "geo-country",
        "meta": "@sys.geo-country",
        "userDefined": false
      }
    ],
    "isTemplate": false,
    "count": 0,
    "updated": 0
  }
]