[
  {
    "id": "3215a78f-aacd-453b-a3b2-8c8f9e000786",
    "data": [
      {
        "text": "help",
        "userDefined": false
      }
    ],
    "isTemplate": false,
    "count": 0,
    "updated": 0
  },
  {
    "id": "507a3d37-7423-40db-9e47-ebdfa21f94bd",
    "data": [
      {
        "text": "emergency contact",
        "userDefined": false
      }
    ],
    "isTemplate": false,
    "count": 0,
    "updated": 0
  },
  {
    "id": "8f20fdc9-73b5-494b-b720-5ed4168ea184",
    "data": [
      {
        "text": "helpline",
        "userDefined": false
      }
    ],
    "isTemplate": false,
    "count": 0,
    "updated": 0
  },
  {
    "id": "eb0acca9-58af-4cba-850c-c2cf701aef36",
    "data": [
      {
        "text": "help desk",
        "userDefined": false
      }
    ],
    "isTemplate": false,
    "count": 0,
    "updated": 0
  }
]