[
  {
    "id": "4a476d0d-17d4-4f65-8916-23dd84264479",
    "data": [
      {
        "text": "Mapwise cases",
        "userDefined": false
      }
    ],
    "isTemplate": false,
    "count": 0,
    "updated": 0
  },
  {
    "id": "79644a02-12c1-4956-ad65-accbd61d5fab",
    "data": [
      {
        "text": "show Covid-19 on Map",
        "userDefined": false
      }
    ],
    "isTemplate": false,
    "count": 0,
    "updated": 0
  },
  {
    "id": "74b4ce69-1eae-4597-9ce3-4fa1dda94bd1",
    "data": [
      {
        "text": "cases on map",
        "userDefined": false
      }
    ],
    "isTemplate": false,
    "count": 0,
    "updated": 0
  }
]