[
  {
    "id": "fb7d8f61-a2da-4f18-9179-dbd3b6d95571",
    "data": [
      {
        "text": "covid news",
        "userDefined": false
      }
    ],
    "isTemplate": false,
    "count": 0,
    "updated": 0
  },
  {
    "id": "03d79d7d-a571-44e9-a6c6-0631e97dfe9f",
    "data": [
      {
        "text": "corona news",
        "userDefined": false
      }
    ],
    "isTemplate": false,
    "count": 0,
    "updated": 0
  },
  {
    "id": "b1e719bc-ba21-4a72-9fce-af8425252dfc",
    "data": [
      {
        "text": "news",
        "userDefined": false
      }
    ],
    "isTemplate": false,
    "count": 0,
    "updated": 0
  },
  {
    "id": "9abc2000-cfce-45ff-be4d-ac9f0b91f240",
    "data": [
      {
        "text": "live news",
        "userDefined": false
      }
    ],
    "isTemplate": false,
    "count": 0,
    "updated": 0
  },
  {
    "id": "1b13d135-545c-4a0f-8a6b-2070fc3f0179",
    "data": [
      {
        "text": "social media",
        "userDefined": false
      }
    ],
    "isTemplate": false,
    "count": 0,
    "updated": 0
  },
  {
    "id": "0f0f7571-1165-46ba-9f96-91dee71d1834",
    "data": [
      {
        "text": "tweets",
        "userDefined": false
      }
    ],
    "isTemplate": false,
    "count": 0,
    "updated": 0
  }
]